Pedro villamizar;pedri@gmail.com;Password01;4123453684;58;joscar@
Carlos Martinez;Carlos@gmail.com;Password02;4123453684;500;
Mario muñoz;Mario@mail.com;Password03;4123453684;60;
Stuart Lebgron;stuar@gmail.com;Password04;4123453684;33;
Sofia vera;sofia@gmail.com;Password05;4123453684;54;
alejandro martinez;alejandro@gmail.com;Password06;4123453684;51;
kenya varga;kenya@gmail.com;Password07;4123453684;52;
dulce palma;dulce@gmail.com;Password08;4123453684;57;
gabriela cantales;gabriela@gmail.com;Password09;4123453684;61;
salvatore nastassi;salvatore@gmail.com;Password10;4123453684;1;
Jessica Valera;jseddi@gmail.com;Password11;4123453684;12;
Idoia Diaz;Ido:la@mail.com;Password12;4123453684;22;
Yanira Costa;yanira@gmail.com;Password13;4123453684;33;
Enrique Santamaria;enrigque@gmail.com;Password14;4123453684;541;
CAROL RUCHINA GOMEZ GIANINE;carlos3@gmail.com;Password15;4123453684;55;
Sul Martinez;sul44@gmail.com;Password16;4123453684;56;
Victoria sibila;victoria@gmail.com;Password17;4123453684;57;
Eduardo Ravelo;ravedru2341@gmail.com;Password18;4123453684;59;
Ricardo Perez;ricardo_prz@gmail.com;Password19;4123453684;52;
Salvador Cantales;salvador@gmail.com;Password20;4123453684;51;
Jose sosa;josesosag@gmail.com;Password21;4123453684;51;
Carmen españa;camereps@gmail.com;Password22;4123453684;52;
Isaias gomez;isais@gmail.com;Password23;4123453684;58;
Kelvin goncalvez;kemdd@gmail.com;Password24;4123453684;58;
